[
  {
    "path": "/login",
    "element": "@/pages/Login"
  },
  {
    "path": "/",
    "element": "@/layout",
    "children": [
      {
        "index": true,
        "redirect": "/home"
      },
      {
        "path": "/home",
        "navigate": "()=>console.log(2)",
        "element": "@/pages/Home"
      },
      {
        "path": "/about",
        "element": "@/pages/About"
      },
      {
        "path": "/ceshi",
        "element": "@/pages/Ceshi"
      },
      {
        "path": "/403",
        "element": "@uiw-admin/exceptions/lib/Exceptions/403"
      },
      {
        "path": "*",
        "element": "@uiw-admin/exceptions/lib/Exceptions/403"
      }
    ]
  },
  {
    "path": "/403",
    "element": "@uiw-admin/exceptions/lib/Exceptions/403"
  }
]
