[
  {
    "path": "/login",
    "element": "@/pages/Login"
  },
  {
    "path": "/",
    "element": "@/layout",
    "children": [
      {
        "index": true,
        "redirect": "/home"
      },
      {
        "path": "/home",
        "navigate": "()=>console.log(2)",
        "element": "@/pages/Home",
        "roles": ["admin", "user"]
      },
      {
        "path": "/about",
        "element": "@/pages/About",
        "hideRoute": true
      },
      {
        "path": "/ceshi",
        "element": "@/pages/Ceshi",
        "roles": ["admin", "user"]
      },
      {
        "path": "/403",
        "element": "@uiw-admin/exceptions/lib/Exceptions/403"
      },
      {
        "path": "*",
        "element": "@uiw-admin/exceptions/lib/Exceptions/403"
      }
    ]
  },
  {
    "path": "/403",
    "element": "@uiw-admin/exceptions/lib/Exceptions/403"
  }
]
